Yaadein,1.0
God Tussi Great Ho,1.0
Baabul,1.0
Om Shanti Om,0.96875
Yeh Raaste Hain Pyaar Ke,0.9375
Sadiyaan,0.9375
Qayamat,0.9375
Love Ke Liye Kuch Bhi Karega,0.9375
Indian,0.9375
Saathiya,0.90625
Maine Pyaar Kyun Kiya,0.90625
Lucky - No Time For Love,0.90625
Hulchul,0.90625
Footpath,0.90625
Fiza,0.90625
Taal,0.875
Parinda,0.875
Om Jai Jagadish,0.875
Milenge Milenge,0.875
Kabhi Khushi Kabhie Gham...,0.875
Housefull 2,0.875
Veer,0.84375
Vaada,0.84375
Trump Card,0.84375
Tere Naam,0.84375
Salaam-E-Ishq,0.84375
Qila,0.84375
Lajja,0.84375
Kal Ho Naa Ho,0.84375
Kaante,0.84375
Golmaal 3,0.84375
Baghban,0.84375
Yeh Hai Jalwa,0.8125
Yakeen,0.8125
Vaah! Life Ho Toh Aisi!,0.8125
Shakti,0.8125
Page 3,0.8125
One 2 Ka 4,0.8125
No Entry,0.8125
Mujhse Shaadi Karogi,0.8125
Lakshya,0.8125
Lagaan,0.8125
Kaho Naa... Pyaar Hai,0.8125
Hungama,0.8125
Garv: Pride and Honour,0.8125
Fun2Shh.......Dudes In The 10Th Century,0.8125
Farz,0.8125
Ek Ajnabee,0.8125
Deewana Mastana,0.8125
Agneepath,0.8125
Zameen,0.78125
What's Your Raashee?,0.78125
Waqt - The Race Against Time,0.78125
Taarzan - The Wonder Car,0.78125
Shortkut - The Con Is On,0.78125
Saawariya,0.78125
Rangeela,0.78125
Pyar Kiya To Darna Kya,0.78125
Nehlle Pe Dehlla,0.78125
Mere Baap Pehle Aap,0.78125
Lakeer - Forbidden Lines,0.78125
L.O.C. Kargil,0.78125
Krazzy 4,0.78125
Koi... Mil Gaya,0.78125
Ishq Vishk,0.78125
Insaan,0.78125
Hum Tum Aur Ghost,0.78125
Hera Pheri,0.78125
Ghatak,0.78125
Dil To Pagal Hai,0.78125
Dil Chahta Hai,0.78125
Dil,0.78125
Biwi No. 1,0.78125
Aaina,0.78125
Zameer - The Fire Within,0.75
Yuvvraaj,0.75
Yeh Tera Ghar Yeh Mera Ghar,0.75
Yeh Jo Mohabbat Hai,0.75
Yeh Dil Aashiqana,0.75
Vishwatma,0.75
Victory,0.75
Uljhan,0.75
Tridev,0.75
Saajan Chale Sasural,0.75
Rowdy Rathore,0.75
Pyar To Hona Hi Tha,0.75
Phir Hera-Pheri,0.75
Pardes,0.75
Love Story 2050,0.75
Kuch Kuch Hota Hai,0.75
Krrish,0.75
Khakee,0.75
Karan Arjun,0.75
Jab Pyar Kisi Se Hota Hai,0.75
Hum Dil De Chuke Sanam,0.75
Hero No. 1,0.75
Guru,0.75
Gumnaam - The Mystery,0.75
Elaan,0.75
Ek Second Jo Zindagi Badal De,0.75
Dus,0.75
Don,0.75
Delhi 6,0.75
Chhoti Bahu,0.75
Bol Bachchan,0.75
Bade Miyan Chote Miyan,0.75
Aladin,0.75
Aitraaz,0.75
Aap Kaa Suroor The Moviee, The Real Luv Story,0.75
Zakhm,0.71875
Woodstock Villa,0.71875
Welcome,0.71875
Undertrial,0.71875
Udaan,0.71875
The Legend Of Bhagat Singh,0.71875
Saudagar,0.71875
Pukar,0.71875
Prem Kaa Game,0.71875
Paheli,0.71875
Out Of Control,0.71875
Nastik,0.71875
Munna Bhai M.B.B.S.,0.71875
Mohra,0.71875
Masti,0.71875
Main Hoon Na,0.71875
Life's Good,0.71875
Life Mein Kabhie Kabhiee,0.71875
Krantiveer - The Revolution,0.71875
Krantiveer,0.71875
Judaai,0.71875
Joker,0.71875
Jodi No.1,0.71875
Jaan-E-Mann: Let's Fall in Love... Again,0.71875
Ishq Hai Tumse,0.71875
Ishq,0.71875
Indra The Tiger,0.71875
Hum Tum,0.71875
Hum Hain Rahi Pyar Ke,0.71875
Hum Aapke Dil Mein Rehte Hain,0.71875
Har Dil Jo Pyar Karega,0.71875
Haal-e-dil,0.71875
Gupt,0.71875
Golmaal Returns,0.71875
Fast Forward,0.71875
Fareb,0.71875
Fanaa,0.71875
Dilwale Dulhania Le Jayenge,0.71875
Damini,0.71875
Coolie,0.71875
China Gate,0.71875
Calcutta Mail,0.71875
Bunty Aur Babli,0.71875
Baazigar,0.71875
Andaz Apna Apna,0.71875
Ajab Prem Ki Ghazab Kahani,0.71875
Yatra,0.6875
Vivah,0.6875
Vighnaharta... Shree Siddhivinayak,0.6875
Utsav,0.6875
Uthhaan,0.6875
Toonpur Ka Superrhero,0.6875
Tees Maar Khan,0.6875
Soldier,0.6875
Sarfarosh,0.6875
Refugee,0.6875
Raja,0.6875
Race,0.6875
Phool Aur Kaante,0.6875
Partner,0.6875
My Name Is Anthony Gonsalves,0.6875
Musaa,0.6875
Money Hai Toh Honey Hai,0.6875
Mohandas,0.6875
Mission Kashmir,0.6875
Mission Istaanbul,0.6875
Khatta Meetha,0.6875
Jhoom Barabar Jhoom,0.6875
Jaane Kahan Se Aayi Hai,0.6875
Inteha,0.6875
Idiot Box,0.6875
Hum Saath Saath Hain,0.6875
Hum Aapke Hai Kaun,0.6875
Heyy Babyy,0.6875
Good Boy, Bad Boy,0.6875
Garam Masala,0.6875
Ek Tha Tiger,0.6875
Ek Rishtaa: The Bond of Love,0.6875
Ek Khiladi Ek Haseena,0.6875
Ek Aur Ek Gyarah,0.6875
Dil Se,0.6875
Devdas,0.6875
Department,0.6875
Deewana,0.6875
De Dana Dan,0.6875
Darr,0.6875
Chandni,0.6875
Chaar Din Ki Chandni,0.6875
Billu,0.6875
Baadshah,0.6875
All The Best : Fun Begins,0.6875
Zokkomon,0.65625
Zindagi Tere Naam,0.65625
Yun Hota Toh Kya Hota,0.65625
Yeh Sunday Kyun Aata Hai,0.65625
Wohh Tera Naam Tha,0.65625
Woh 7 Din,0.65625
Virasat,0.65625
Veer-Zaara,0.65625
Umar,0.65625
Tum Milo Toh Sahi,0.65625
Tere Mere Sapne,0.65625
Ta Ra Rum Pum,0.65625
Satya,0.65625
Raja Babu,0.65625
Raaz,0.65625
Qatil,0.65625
Paying Guests,0.65625
Officer,0.65625
Nayak,0.65625
Kuchh Kariye,0.65625
Kismat Konnection,0.65625
Khamoshi The Musical,0.65625
Khal Nayak,0.65625
Jogger's Park,0.65625
Jhankaar Beats,0.65625
Jalwa,0.65625
Housefull,0.65625
Heroine,0.65625
Hello Darling,0.65625
Hello,0.65625
Hamara Dil Aapke Paas Hai,0.65625
Ghulam,0.65625
Fida,0.65625
F.A.L.T.U.,0.65625
Dhamaal,0.65625
Dhadkan,0.65625
Dabangg,0.65625
Coolie No. 1,0.65625
Chamatkar,0.65625
Blue,0.65625
Aashiqui,0.65625
Aankhen,0.65625
Zubeidaa,0.625
Zakhmi Sher,0.625
Zakhmi Dil,0.625
Zaalim,0.625
Yeh Dooriyan,0.625
Yeh Dillagi,0.625
Yeh Dil,0.625
Wanted,0.625
Vaastav,0.625
Vaade Iraade,0.625
Unns,0.625
Udhar Ki Zindagi,0.625
The Hangman,0.625
Shootout At Lokhandwala,0.625
Ram Jaane,0.625
Ram Gopal Varma Ke Aag,0.625
Phir Kabhi,0.625
Phaans: Ek Jasoos Ki Kahani,0.625
Paa,0.625
No Problem,0.625
Naseeb,0.625
Na Tum Jaano Na Hum,0.625
Mr. India,0.625
Main Aurr Mrs Khanna,0.625
Maan Gaye Mughall-E-Azam,0.625
London Dreams,0.625
Life Express,0.625
Khuda Gawah,0.625
Khoon Bhari Maang,0.625
Karma,0.625
Kaminey,0.625
Kambakkht Ishq,0.625
Jungle,0.625
Joshilaay,0.625
Jo Jeeta Wohi Sikandar,0.625
Iqbal,0.625
Hum,0.625
Hadh Kar Di Aapne,0.625
Guzaarish,0.625
Ghayal,0.625
Ek Aadat,0.625
E M I,0.625
Duplicate,0.625
Dil Hai Ki Manta Nahin,0.625
Border,0.625
Bachao,0.625
Action Replayy,0.625
Aashayein,0.625
Aa Ab Laut Chalen,0.625
Yeshwant,0.59375
Yeh Zindagi Ka Safar,0.59375
Xcuse Me!,0.59375
Who's There ...?,0.59375
Wafaa,0.59375
Vijay,0.59375
Vidhata Tere Khel Hai Nirale,0.59375
Vidhaata,0.59375
Victoria No. 203,0.59375
Umrao Jaan,0.59375
Ulta Seedha,0.59375
Tezz,0.59375
Tezaab,0.59375
Teri Meri Kahaani,0.59375
Shaurya,0.59375
Shahenshah,0.59375
Shaapit,0.59375
Salaam Namaste,0.59375
Saajan,0.59375
Ram Lakhan,0.59375
Raja Hindustani,0.59375
Raaz - The Mystery Continues,0.59375
Raajneeti,0.59375
Qaid Mein Hai Bulbul,0.59375
Pyaar Kaa Fundaa,0.59375
Phir Bhi Dil Hai Hindustani,0.59375
Once Upon A Time In Mumbaai,0.59375
Namastey London,0.59375
Naksha,0.59375
Muskurake Dekh Zara,0.59375
Mohabbatein,0.59375
Luck By Chance,0.59375
Love Aaj Kal,0.59375
Life Partner,0.59375
Lamhe,0.59375
Kisse Pyaar Karoon,0.59375
Kidnap,0.59375
Kajraare,0.59375
Kahaani,0.59375
Kabhi Alvida Na Kehna,0.59375
Jimmy,0.59375
Iqraar By Chance,0.59375
Insaaf -The Justice,0.59375
Indian Babu,0.59375
Honeymoon Travels Pvt. Ltd.,0.59375
Hissss,0.59375
Golmaal: Fun Unlimited,0.59375
Ghatothkach,0.59375
Gardish,0.59375
Gadar - Ek Prem Katha,0.59375
Friends Forever,0.59375
Filhaal,0.59375
Ferrari Ki Sawaari,0.59375
Faasle,0.59375
Ek Vivaah Aisa Bhi,0.59375
Eeshwar,0.59375
Dulhe Raja,0.59375
Do Knot Disturb,0.59375
Chup Chup Ke,0.59375
Chandni Chowk To China,0.59375
Chalte Chalte,0.59375
Chak De! India,0.59375
Balle Balle Amritsar To L.A.,0.59375
Bachna Ae Haseeno,0.59375
Akele Hum Akele Tum,0.59375
Ada.. A Way Of Life,0.59375
Zor Laga Ke... Haiya,0.5625
Zeher - A Love Story,0.5625
Zakhmi Sipahi,0.5625
Zabardast,0.5625
Yamla Pagla Deewana,0.5625
Wrong Number,0.5625
World Cupp 2011,0.5625
Welcome To Sajjanpur,0.5625
Waaris,0.5625
Ugly Aur Pagli,0.5625
U R My Jaan,0.5625
Traffic Signal,0.5625
Tashan,0.5625
Rama Rama Kya Hai Drama,0.5625
Raju Chacha,0.5625
Raaz 3,0.5625
Qasam Se Qasam Se,0.5625
Qahar,0.5625
Prince,0.5625
Parineeta,0.5625
Papa Kahte Hain,0.5625
One Fine Monday,0.5625
Omkara,0.5625
Oh Darling Yeh Ha India,0.5625
Nayee Padosan,0.5625
Naajayaz,0.5625
Lage Raho Munna Bhai,0.5625
Kandahar,0.5625
Jugaad,0.5625
Jism,0.5625
Inteqam -The Perfect Game,0.5625
I See U,0.5625
Happy New Year,0.5625
Good Luck,0.5625
Gol Maal,0.5625
Fight Club,0.5625
Ehsaas,0.5625
Dulha Mil Gaya,0.5625
Dhoom 2,0.5625
Dacait,0.5625
Daag,0.5625
Chal Chalein,0.5625
Bhoot,0.5625
Bhavnao Ko Samjho,0.5625
Bhagam Bhag,0.5625
Baap Numbri Beta Dus Numbri,0.5625
Agni Sakshi,0.5625
Aankhen,0.5625
Zanjeer,0.53125
Zakhmi Aurat,0.53125
We Are Family,0.53125
Watan Ke Rakhwale,0.53125
Wake Up Sid,0.53125
Wajahh - A Reason To Kill,0.53125
Wafadaar,0.53125
Uljhan,0.53125
Uff! Yeh Mohabbat,0.53125
Teen Patti,0.53125
Taxi No. 9 2 11,0.53125
Talaash,0.53125
Son Of Sardaar,0.53125
Silsila,0.53125
Saaransh,0.53125
Saagar,0.53125
Robot,0.53125
Right Yaaa Wrong,0.53125
Rang De Basanti,0.53125
Ramayana - The Epic,0.53125
Raju Ban Gaya Gentleman,0.53125
Raftaar,0.53125
Qurbani Rang Layegi,0.53125
Pasand Apni Apni,0.53125
Namak Haraam,0.53125
Maine Pyar Kiya,0.53125
Luck,0.53125
Laawaris,0.53125
Laaga Chunari Mein Daag,0.53125
Knock Out,0.53125
Karzzzz,0.53125
Karthik Calling Karthik,0.53125
Josh,0.53125
Jab We Met,0.53125
Ishq Ho Gaya Mamu,0.53125
Horn Ok Pleassss,0.53125
Halla Bol,0.53125
Geraftaar,0.53125
Gangster,0.53125
Ek Duje Ke Liye,0.53125
Dostana,0.53125
Dhoondte Reh Jaaoge,0.53125
Click,0.53125
Chameli,0.53125
Beta,0.53125
Apne,0.53125
Acid Factory,0.53125
Zalim,0.5
Zahreelay,0.5
Zahreela,0.5
Yaraana,0.5
Wajood,0.5
Via Darjeeling,0.5
Uuf Kya Jadoo Mohabbat Hai,0.5
Upkar,0.5
Umar 55 Ki Dil Bachpan Ka,0.5
Team - The Force,0.5
Stanley Ka Dabba,0.5
Singh Is Kinng,0.5
Shaabash! You Can Do It,0.5
Rann,0.5
Qayamat Se Qayamat Tak,0.5
Qayamat,0.5
Pyaar Ke Side/Effects,0.5
Players,0.5
New York,0.5
Nanhe Jaisalmer,0.5
Namkeen,0.5
Naam Gum Jaayega,0.5
My Name Is Khan,0.5
Mittal v/s Mittal,0.5
Mallika,0.5
Maachis,0.5
Lekin,0.5
Kabhi Haan Kabhi Naa,0.5
Jodhaa Akbar,0.5
Jo Bole So Nihaal,0.5
Ishaqzaade,0.5
I Hate Luv Storys,0.5
Hate Story,0.5
Guddi,0.5
Godmother,0.5
Ghar,0.5
Ganga Jamuna Saraswati,0.5
Family - Ties Of Blood,0.5
Eklavya - The Royal Guard,0.5
Ek - The Power Of One,0.5
Drona,0.5
Don,0.5
Dhoom,0.5
De Taali,0.5
Corporate,0.5
Chintu Ji,0.5
Chance Pe Dance,0.5
Chamku,0.5
Chal Chala Chal,0.5
Chachi 420,0.5
Chaalbaaz,0.5
C Kkompany,0.5
Bumm Bumm Bole,0.5
Bolo Raam,0.5
Bhoothnath,0.5
Bhool Bhulaiyaa,0.5
Banda Yeh Bindaas Hai,0.5
Anjaana Anjaani,0.5
Aloo Chaat,0.5
Agneepath,0.5
Agent Vinod,0.5
Aasma,0.5
Zindagi Na Milegi Dobara,0.46875
Zinda,0.46875
Yuva,0.46875
Yakeen,0.46875
Yaadon Ki Baaraat,0.46875
With Luv Tumhara,0.46875
Warrant,0.46875
Vikalp,0.46875
Vaada Raha... I Promise,0.46875
Umrao Jaan,0.46875
U Me Aur Hum,0.46875
Trishul,0.46875
Thoda Pyaar Thoda Magic,0.46875
Sholay,0.46875
Roti,0.46875
Road To Sangam,0.46875
Raja Rani,0.46875
Raavan,0.46875
Pankh,0.46875
One Two Three,0.46875
Nagina,0.46875
Naam,0.46875
Na Ghar Ke Na Ghaat Ke,0.46875
Mrityudand,0.46875
Meerabai Not Out,0.46875
Mahaan,0.46875
Maalik Ek,0.46875
Love Story,0.46875
Lamhaa,0.46875
Kisaan,0.46875
Khichdi The Movie,0.46875
Khelein Hum Jee Jaan Sey,0.46875
Julie,0.46875
Jawani Diwani- A Youthful Ride,0.46875
Ishqiya,0.46875
Ishq Qayamat,0.46875
Ishkq In Paris,0.46875
Inkaar,0.46875
Hu Tu Tu,0.46875
Ekk Deewana Tha,0.46875
Ek Se Bure Do,0.46875
Eight Shani,0.46875
Do Dooni Chaar,0.46875
Dil Bole Hadippa!,0.46875
Company,0.46875
Chupke Chupke,0.46875
Chhoti Si Baat,0.46875
Cheeni Kum,0.46875
Chashme Buddoor,0.46875
Chase,0.46875
Chamki Chameli,0.46875
Bird Idol,0.46875
Bal Ganesh 2,0.46875
Apartment,0.46875
Aa Dekhen Zara,0.46875
Zindagi,0.4375
Woh Kaun Thi,0.4375
Woh,0.4375
Wahem,0.4375
Viruddh...Family Comes First,0.4375
Vijeta,0.4375
Vicky Donor,0.4375
Vakil Baboo,0.4375
Uphaar,0.4375
The Stoneman Murders,0.4375
Tere Mere Sapne,0.4375
Tera Kya Hoga Johny,0.4375
Taare Zameen Par,0.4375
Shiva,0.4375
Sharaabi,0.4375
Satte Pe Satta,0.4375
Sarkar,0.4375
Ruslaan,0.4375
Rab Ne Bana Di Jodi,0.4375
Qurbani,0.4375
Power,0.4375
Pangaa Gang,0.4375
Nazar,0.4375
Madhumati,0.4375
Let's Dance,0.4375
Lakhon Ki Baat,0.4375
Kismat Talkies,0.4375
Karz,0.4375
Jhuk Gaya Aasman,0.4375
Icy N Spicy,0.4375
Haathi Mere Sathi,0.4375
Ghajini,0.4375
Gayab,0.4375
Gali Gali Chor Hai,0.4375
Fool N Final,0.4375
Farz,0.4375
Faraar,0.4375
Ek Main Aur Ekk Tu,0.4375
Deewar,0.4375
Cocktail,0.4375
Bbuddah - Hoga Terra Baap,0.4375
Badmaash Company,0.4375
Bad Luck Govind,0.4375
Baabarr,0.4375
Angoor,0.4375
Amar Akbar Anthony,0.4375
Aamras,0.4375
Aagey Se Right,0.4375
Ziddi,0.40625
Zarak Khan,0.40625
Zakhmee,0.40625
You Know Amrapali,0.40625
Yes Boss,0.40625
Yeh Pal Ho Na Ho... Kal,0.40625
Yeh Khula Aasmaan,0.40625
Yaarana,0.40625
Y.M.I. - Yeh Mera India,0.40625
Woh Lamhe,0.40625
Waris,0.40625
Us Paar,0.40625
Udhar Ka Sindur,0.40625
Tum Mile,0.40625
Toh Baat Pakki!,0.40625
Teesri Kasam,0.40625
Tathastu,0.40625
Shanghai,0.40625
Sargam,0.40625
Sankat City,0.40625
Ram Teri Ganga Maili,0.40625
Qaid,0.40625
Pyaar Impossible,0.40625
Phhir,0.40625
Pati Patni Aur Woh,0.40625
Overtime,0.40625
Oonche Log,0.40625
Once Upon A Time Again,0.40625
Nishant,0.40625
Naina,0.40625
Main Azaad Hoon,0.40625
Love Khichdi,0.40625
Love Ka Tadka,0.40625
Lottery,0.40625
Life Ki Toh Lag Gayi,0.40625
Leader,0.40625
Lahu Ke Do Rang,0.40625
Lahore,0.40625
Laat Saheb,0.40625
Kites,0.40625
Johny Mera Naam,0.40625
Jis Desh Men Ganga Behti Hai,0.40625
Jhootha Hi Sahi,0.40625
Jail,0.40625
Izzat,0.40625
Insaan,0.40625
Insaaf Ka Tarazu,0.40625
Inquilaab,0.40625
Ijaazat,0.40625
I Proud To Be An Indian,0.40625
I AM,0.40625
Gumnaam,0.40625
Great Daddu,0.40625
Go,0.40625
Fox,0.40625
Fakira,0.40625
Dostana 2,0.40625
Crook,0.40625
Contract,0.40625
Chhodon Naa Yaar,0.40625
Cheenti Cheenti Bang Bang,0.40625
Chaalis Chauraasi,0.40625
Bombay,0.40625
Aasman,0.40625
Aap Ke Liye Hum,0.40625
Aakrosh,0.40625
Aakhari Decision,0.40625
Zindaggi Rocks,0.375
Zamaanat,0.375
Yeh Raaste Hai Pyar Ke,0.375
Yaadein,0.375
Well Done Abba,0.375
Water,0.375
Vishwasghat,0.375
Vallah Kya Baat Hai,0.375
Vaasna,0.375
United Six,0.375
Umar Qaid,0.375
U, Bomsi n Me,0.375
Three - Love, Lies and Betrayal,0.375
The Legend Of Kunal,0.375
Tere Ghar Ke Samne,0.375
Shoebite,0.375
Sarkar Raj,0.375
Rocket Singh - Salesman Of The Year,0.375
Red Alert - The War Within,0.375
Rama - The Saviour,0.375
Radio,0.375
Queens Destiny of Dance,0.375
Perfect Mismatch,0.375
Padosan,0.375
Naram Garam,0.375
Nakshatra,0.375
Naach,0.375
Murder,0.375
Mumbai 118,0.375
Mera Naam Joker,0.375
Masoom,0.375
Loins Of Punjab Presents,0.375
Jhanak Jhanak Payal Baje,0.375
Jewel Thief,0.375
Jawab,0.375
Jashnn,0.375
Jannat 2,0.375
Hum Kisise Kum Nahi,0.375
Gangaajal,0.375
Ganga Jamuna,0.375
Fashion,0.375
Ek Shriman Ek Shrimati,0.375
Ek Pal,0.375
Ek Dil Sau Afsane,0.375
Dharmatma,0.375
Daku,0.375
Chashme Baddoor Remake,0.375
Break Ke Baad,0.375
Barfi!,0.375
Band Baaja Baaraat,0.375
Baharon Ke Sapne,0.375
Baharen Phir Bhi Aayengi,0.375
Baazi,0.375
Anand,0.375
Allah Ke Banday,0.375
Admissions Open,0.375
A Wednesday,0.375
Ziddi Padosan,0.34375
Yeh Raat Phir Na Aayegi,0.34375
Yaara O Yaara,0.34375
XXX,0.34375
Will You Marry Me?,0.34375
Virsa,0.34375
Usne Kaha Tha,0.34375
Umang,0.34375
Ujala,0.34375
The Great Indian Butterfly,0.34375
Teesri Manzil,0.34375
Sorry Bhai,0.34375
Shool,0.34375
Rock On,0.34375
Rakht Charitra - I,0.34375
Ragini MMS,0.34375
Raaz,0.34375
Quick Gun Murugun,0.34375
Paathshaala,0.34375
Oonche Log,0.34375
No Smoking,0.34375
Night In London,0.34375
Neal 'N' Nikki,0.34375
Naukri,0.34375
Nauker,0.34375
Naqaab,0.34375
Namak Halaal,0.34375
Nagin,0.34375
Naache Mayuri,0.34375
London, Paris, New York,0.34375
Lafangey Parindey,0.34375
Khosla Ka Ghosla,0.34375
Karma Aur Holi,0.34375
Jism 2,0.34375
Insaniyat,0.34375
Heroes,0.34375
Help,0.34375
Heer And Ranjha,0.34375
Happy Birthday,0.34375
Gulel,0.34375
Guide,0.34375
Firaaq,0.34375
Exclusion,0.34375
English Vinglish,0.34375
Enemmy,0.34375
Ek Hi Raasta,0.34375
Chillar Party,0.34375
Chalo Dilli,0.34375
Cash,0.34375
Bluffmaster!,0.34375
Andaz,0.34375
Aisha,0.34375
Zilla Ghaziabad,0.3125
Yahaan,0.3125
Waqt,0.3125
Udan Khatola,0.3125
Toss,0.3125
The Film Emotional Atyachar,0.3125
Thanks Maa,0.3125
Tere Bin Laden,0.3125
Sahib Biwi Ghulam,0.3125
Roja,0.3125
Race 2,0.3125
Qatl,0.3125
Qaidi,0.3125
Parwana,0.3125
Pakeezah,0.3125
Paan Singh Tomar,0.3125
Oct 2nd,0.3125
Neel Kamal,0.3125
Nau Do Gyarah,0.3125
Mr. Fraud,0.3125
Life In A... Metro,0.3125
Khiladi 786 - Made In Punjab,0.3125
Jannat,0.3125
Jai Veeru,0.3125
Inteqam,0.3125
I, Me Aur Main,0.3125
Hook Ya Crook,0.3125
Hello Hum Lallan Bol Rahe Hain,0.3125
Haqeeqat,0.3125
Garjann,0.3125
Gangs Of Wasseypur,0.3125
Game,0.3125
Funtoosh,0.3125
Fruit & Nut,0.3125
Fatso,0.3125
Everybody Wants To Be Famous,0.3125
Ek Musafir Ek Hasina,0.3125
Ek Alag Mausam,0.3125
Dhoom 3 : Fasten Your Seatbelts,0.3125
Dev D,0.3125
Dedh Ishqiya,0.3125
Dasvidaniya,0.3125
Daddy Cool,0.3125
City Of Gold,0.3125
Bachelor Party,0.3125
Arth,0.3125
Agyaat,0.3125
www.love.com,0.28125
Yeh Kya Ho Raha Hai?,0.28125
Yeh Faasley,0.28125
Yahudi,0.28125
Yahan Ke Hum Sikander,0.28125
Wahan Ke Log,0.28125
Vroom,0.28125
Utt Pataang,0.28125
Upaasna,0.28125
Time Machine,0.28125
The Man,0.28125
Taalismaan,0.28125
Shootout At Wadala,0.28125
Rock On 2,0.28125
Raakh,0.28125
Qatil,0.28125
Qaidi,0.28125
Parakh,0.28125
Oonch Neech Beech,0.28125
Oomar Qaid,0.28125
Oh God Sare Hain Fraud,0.28125
Ocean Of An Old Man,0.28125
O Tera Kya Kehana,0.28125
Nidar - The Fearless,0.28125
New Delhi Times,0.28125
New Delhi,0.28125
Navrang,0.28125
Naam,0.28125
Munnabhai Chale Amerika,0.28125
Monsoon Wedding,0.28125
Mission 11 July,0.28125
Libaas,0.28125
Lava-Kusa : The Warrior Twins,0.28125
Lajjo,0.28125
Koochie Koochie Hota Hai,0.28125
Kaagaz Ke Phool,0.28125
Johny Walker,0.28125
Johnny Gaddaar,0.28125
Jaane Tu...Ya Jaane Na,0.28125
It's My Life,0.28125
I M 24,0.28125
Hide & Seek,0.28125
Half Ticket,0.28125
Gulaal,0.28125
Frozen,0.28125
Fauj Mein Mauj,0.28125
Faisla,0.28125
Ekaant,0.28125
Ek Phool Do Mali,0.28125
Eik Dasttak,0.28125
Dream Sequence,0.28125
Dor,0.28125
Daddy,0.28125
Chenab Gandhi,0.28125
Chaurahen - Crossroads,0.28125
Chalti Ka Naam Gadi,0.28125
Blue Oranges,0.28125
Bheja Fry,0.28125
Bajirao Mastani,0.28125
Zabak,0.25
Wow,0.25
Waah! Tera Kya Kehna,0.25
Videsh - Heaven On Earth,0.25
The Last Lear,0.25
The Camp,0.25
Teesri Manzil,0.25
Straight,0.25
Shahrukh Bola Khoobsurat Hai Tu,0.25
Road, Movie,0.25
Peepli Live,0.25
Party,0.25
Partner 2,0.25
Oye Lucky! Lucky Oye!,0.25
Om - The Ultimate Power,0.25
OMG - Oh My God,0.25
No Entry Mein Entry,0.25
Nishabd,0.25
Naya Daur,0.25
Mudrank,0.25
Mr India 2,0.25
Maqbool,0.25
Komagata Maru,0.25
Kick,0.25
Khote Sikkey,0.25
Kanchana Remake,0.25
Kaante 2,0.25
Jab Jab Fools Mile,0.25
I Love New Year,0.25
Hera Pheri 4,0.25
Hello Zindagi,0.25
Familywala,0.25
Ek Thi Rani Aisi Bhi,0.25
Dabangg 2,0.25
Chai Garam,0.25
Carry On Pandu,0.25
Black,0.25
Bhairavi,0.25
Apaharan,0.25
Akadd,0.25
Aankhen 2,0.25
Zabardast,0.21875
Yeh Basti Badmashon Ki,0.21875
Welcome To The Jungle,0.21875
Waisa Bhi Hota Hai - Part II,0.21875
Vishwaroopam,0.21875
Virus Diwan,0.21875
Udaan,0.21875
Soch Lo,0.21875
Siddharth - The Prisoner,0.21875
Shikshanacha Aaicha Gho (Remake),0.21875
Sher Khan,0.21875
Satte Pe Satta remake,0.21875
Sapno Ke Desh Mein,0.21875
Rana,0.21875
Rajnigandha,0.21875
Raat Gayi Baat Gayi,0.21875
Qatil-E-Aam,0.21875
Qaidi,0.21875
Phoonk 2,0.21875
Phillum City,0.21875
Peter Gaya Kaam Se,0.21875
Osama,0.21875
Opera House,0.21875
On the Ramp,0.21875
Oldd Iss Goldd,0.21875
Mughal-E-Azam,0.21875
Mother: The Indira Gandhi Story,0.21875
Most Wanted,0.21875
Life Ise Gale Laga Le,0.21875
Lara,0.21875
Laal Batti,0.21875
Kaamwali,0.21875
Junction,0.21875
Jolly L.L.B.,0.21875
Jodi Breakers,0.21875
I Am Hariprasad,0.21875
Hanuman,0.21875
Go Goa Gone,0.21875
Game On,0.21875
Freedom,0.21875
Ek Tho Chance,0.21875
Ek Eh 2.0,0.21875
Daayen Ya Baayen,0.21875
Bihaad,0.21875
Bhoot 2,0.21875
Before The Rains,0.21875
Amar Akbar Anthony Remake,0.21875
Accident On Hill Road,0.21875
Aap Ka Saaya,0.21875
Zakhmee Insaan,0.1875
Yeh To Kamal Ho Gaya,0.1875
Yeh Jawani Hai Deewani,0.1875
Yeh Hausla,0.1875
Yaara O Dildaara,0.1875
Voice From The Sky,0.1875
Vivash,0.1875
Veer Savarkar,0.1875
Valentine's Night ,0.1875
Unees Bees,0.1875
The Waiting Room,0.1875
Spanish Beauty (A Beautiful Wife),0.1875
Satsang,0.1875
Rokkk,0.1875
Phir Masti,0.1875
Paani,0.1875
Oh Bewafaa,0.1875
Nasoor,0.1875
My Friend Ganesha 3,0.1875
Masters,0.1875
Madholal - Keep Walking,0.1875
Love Sex Aur Dhokha,0.1875
Life Reboot Nahi Hoti,0.1875
Ladies and Gentlemen,0.1875
Krrish 2,0.1875
Jumbo,0.1875
Jal,0.1875
Jai Ramji,0.1875
Jackpot,0.1875
Jaane Kya Tune Kahi,0.1875
Jaane Bhi Do Yaaron,0.1875
Ittefaq,0.1875
Ishq Mein Pagal,0.1875
Ishaan,0.1875
Is Raat Ki Subah Nahi,0.1875
In Aankhon Kaa Chakkar,0.1875
Heartbreaker Remake,0.1875
Hara,0.1875
Halo,0.1875
Gullu Dada Returns,0.1875
Guftagoo,0.1875
Ghulami,0.1875
Ghayal Returns,0.1875
Geng,0.1875
Front Page,0.1875
Formula No 44,0.1875
For Real,0.1875
Fired,0.1875
Exchange Offer,0.1875
Ek Din 24 Ghante,0.1875
Ek Chalis Ki Last Local,0.1875
Ek Aur Khal Nayak,0.1875
Cheers - Celebration Life,0.1875
Chandbhai,0.1875
Bal Hanuman 2,0.1875
Zindagi Live,0.15625
Yeh Kaisi Mohabbat,0.15625
Yaksh,0.15625
Yaaron Ki Yaari,0.15625
Woh 5 Din,0.15625
The Fakir Of Venice,0.15625
Tahaan,0.15625
Special Chabbis,0.15625
Sargna,0.15625
Roadside Romeo,0.15625
Rafoo Chakkar-Fun On The Run,0.15625
Phansi,0.15625
No One Killed Jessica,0.15625
Neil Ko pakadna,0.15625
Naseem,0.15625
Life of Pi,0.15625
Jayanta Bhai,0.15625
Jai Santoshi Maa,0.15625
Issaq,0.15625
Is Pyaar Ko Kya Naam Doon,0.15625
India Rocks,0.15625
Gharaonda,0.15625
Fever,0.15625
Fantastic,0.15625
Fame,0.15625
F.O.S.L.A. (Frustrated One-sided Lovers' Association),0.15625
Ekti Rahasya Galpo,0.15625
Ek Hasina Thi,0.15625
Ek Bura Aadmi,0.15625
Ek Aur Visphot,0.15625
Ek Aur Jung,0.15625
Dil Kabaddi,0.15625
DISCO FIGHTER,0.15625
Broken Horses,0.15625
Bombay Velvet,0.15625
Aamir,0.15625
Zakham,0.125
Zahreela Insaan,0.125
Ulfat Ki Nayi Manzilen,0.125
Teen Ekkey,0.125
Ramchand Pakistani,0.125
Qatil Haseeno Ka,0.125
Ooparwala Jane,0.125
One Hundred One Raten,0.125
Mithya,0.125
Let's Enjoy,0.125
Inth Ka Jawaab Patthar,0.125
Impatient Vivek,0.125
Zindagi Khoobsoorat Hai,0.09375
Zindagi Aur Khwab,0.09375
Zakhmo Ka Hisaab,0.09375
Zakhmi Zameen,0.09375
Woh Kaun Thi,0.09375
Vidyaarthi,0.09375
Vachan,0.09375
Vaastu Shastra,0.09375
Uranchoo,0.09375
Ujala Hi Ujala,0.09375
Qatil Aur Aashiq,0.09375
Parveen Bobby,0.09375
Panga Naa Lo,0.09375
Paar,0.09375
Oops!,0.09375
Oh My God,0.09375
Nikaah,0.09375
Nadiya Ke Paar,0.09375
Mumbai Meri Jaan,0.09375
Maharathi,0.09375
Lovesongs,0.09375
It's Breaking News,0.09375
Hulla,0.09375
Hanuman Returns,0.09375
Hamari Ranbhoomi,0.09375
Gandhi, My Father,0.09375
Fun ...Can Be Dangerous Sometimes,0.09375
Fear,0.09375
Ek Aur Maut,0.09375
Zaroorat,0.0625
Yeh Hai Pyar Ka Mausam,0.0625
Yasmin,0.0625
We R Friends,0.0625
Waman Avtar,0.0625
Wafaa,0.0625
Wada Tera Wada,0.0625
Vatsyayana Kamasutra,0.0625
Vajra - The Weapon,0.0625
Vahshi Aatma,0.0625
Vadh,0.0625
Vachan,0.0625
Uski Roti,0.0625
Umeed,0.0625
Uff Yeh Nashaa,0.0625
Qayamat Ki Raat,0.0625
Phoonk,0.0625
Parzania,0.0625
Om Jai Jagdish Hare,0.0625
Lootera,0.0625
Inteqam,0.0625
Gautam Buddha,0.0625
Friendship,0.0625
Five Riffles,0.0625
Film Star,0.0625
Ek Dastak,0.0625
Ek Chhotisi Love Story,0.0625
Chandni Bar,0.0625
Chain Kulli Ki Main Kulii,0.0625
Ab Tak Chhappan,0.0625
Zindagi Aur Maut,0.03125
Zakhmon Ke Nishan,0.03125
Zakhmi Dil Kalim,0.03125
Zakhmi Dil,0.03125
Yeh Hai U Turn,0.03125
Yaara,0.03125
Wounded,0.03125
Wahan,0.03125
Wafaa,0.03125
Wadya,0.03125
Vishwas,0.03125
Vikram Shashikala,0.03125
Vardan,0.03125
Vali-E-Azam,0.03125
Vakil Saheb,0.03125
Vahri Duniya,0.03125
Umang,0.03125
Uddhar,0.03125
Qatil Jawani,0.03125
Qatil,0.03125
Qaidi,0.03125
Oonchi Haveli,0.03125
Om-Dar-Ba-Dar,0.03125
O Janewale,0.03125
Idiot,0.03125
I Am In Love,0.03125
Gabbar Singh,0.03125
Feel The Love,0.03125
Fashion,0.03125
Faraar,0.03125
Faisla - The Final Judgement,0.03125
Ek Ruka Hua Faisla,0.03125
Ek Doctor Ki Maut,0.03125
Ek Aur Amar Premm,0.03125
Zanjeer,0.0
Zamin,0.0
Zalim Tera Jawab Nahin,0.0
Zakhmi Rooh,0.0
Zahreela Saanp,0.0
Zahari Saap,0.0
Zaban,0.0
Yeh Kaisa Prem Janjal,0.0
Yaad Rakhenge Aap,0.0
Woh Bewafa Thi,0.0
Wapas,0.0
Wafadaar,0.0
Wafaa,0.0
Vachan,0.0
Vaasna Ki Bhookh,0.0
Uski Kahani,0.0
Usha,0.0
Urvashi,0.0
Unlimited Nasha,0.0
Ummeed,0.0
Ulti Ganga,0.0
Uljhan,0.0
Ujala,0.0
Uff Mirchi,0.0
Qeemat,0.0
Qazzak Ki Ladki,0.0
Qatil Chandalini,0.0
Qatil,0.0
Qaidi No. 911,0.0
Oot Patang,0.0
Oonch Neech,0.0
Omar Khaiyyam,0.0
O Panchhi,0.0
Hairaan,0.0
Fakhre Islam,0.0
Faisla,0.0
Faasla,0.0
